script,confidence_level,provenance,script_group,reference_address
736372697074,provable,https://bitcoin.stackexchange.com/q/37188/7272,error_script,
410496b538e853519c726a2c91e61ec11600ae1390813a627c66fb8be7947be63c52da7589379515d4e0a604f8141781e62294721166bf621e73a82cbf2342c858eeac,satoshi,Block 1,satoshi,
76a914119b098e2e980a229e139a9ed01a469e518e6f2688ac,satoshi,Block 1 - p2pkh encoding,satoshi,
410411db93e1dcdb8a016b49840f8c53bc1eb68a382e97b1482ecad7b148a6909a5cb2e0eaddfb84ccf9744464f82e160bfa9b8b64f9d4c03f999b8643f656b412a3ac,satoshi,Block 9,satoshi,
76a91411b366edfc0a8b66feebae5c2e25a7b6a5d1cf3188ac,satoshi,Block 9 - p2pkh encoding,satoshi,
76a90088ac,provable,Mt. Gox error,error_script,
4104678afdb0fe5548271967f1a67130b7105cd6a828e03909a67962e0ea1f61deb649f6bc3f4cef38c4f35504e51ec112de5c384df7ba0b8d578a4c702b6bf11d5fac,satoshi,Block 0,satoshi,
76a91462e907b15cbf27d5425399ebf6f0fb50ebb88f1888ac,satoshi,Block 0 - p2pkh encoding,satoshi,
76a914000000000000000000000000000000000000000088ac,high,Burn Address,burn_address,1111111111111111111114oLvT2
76a914000000000000000000000000000000000000000188ac,high,Burn Address,burn_address,11111111111111111111BZbvjr
76a914759d6677091e973b9e9d99f19c68fbf43e3f05f988ac,high,Burn Address,burn_address,1BitcoinEaterAddressDontSendf59kuE
76a9149800c0443e5233251994f88fd0db705d3dcd511888ac,high,Burn Address,burn_address,1EricLombrozoXXXXXXXXXXXXXXXWACBVB
76a91458ba21e0cb5dbd6fe40105dfd143f13843bd89d088ac,high,Burn Address,burn_address,1969SandraSandicXXXXXXXXXXXXXvdEiU
76a914f8793bb94eb72d331773b133f637fc3d4a9611d788ac,high,Burn Address,burn_address,1Peop1eA1iceRemarkedxxxxxxxxxuLyKu
76a91413cd1baf795b3318b94d9d5a3c6aca1a35693ad688ac,high,Burn Address,burn_address,12ohYouCantHe1pThatxxxxxxxxxzCjyMs
76a91457e60824e9c93a4e2964acc107e7db09b8d11b5888ac,high,Burn Address,burn_address,191mMadYoureMadxxxxxxxxxxxxxvwA4Up
76a91410fc2c4d8c742de545647130909ddf41fc57fa3b88ac,high,Burn Address,burn_address,12YouMustBeSaidTheCatxxxxxxxz2tFa2
76a914759d6677093aa15378646a418196f95f3c3c2c8c88ac,high,Burn Address,burn_address,1BitcoinKicksAss1111111111114BbAUx
76a9141005e46401256f7b5e3f99a7e6c3ffdc7d3911b688ac,high,Burn Address,burn_address,12TisTrueWithoutALie22222221wT3qjn
76a9147fd26b7335b4cc0c4345e9ce4f4b1edeb9344eb288ac,high,Burn Address,burn_address,1CertainAndMostTrue2222222225YPnJF
76a9141004d19f7abac60b34493372da26f1cb99a7464888ac,high,Burn Address,burn_address,12ThatWhich1sBe1ow22222222226vzcxR
76a91413cb5d78265fd017d05ec44446749aeb24407f9988ac,high,Burn Address,burn_address,12ofThe1Thing222222222222221wv1hge
76a91413cb5d7826ffa834de245e67f8d1b284e3b173b188ac,high,Burn Address,burn_address,12ofThe1xxxxxxxxxxxxxxxxxxxy1aqzJW
76a91457ec4d5aa2942cf35b2e38ca0b3faea42623793b88ac,high,Burn Address,burn_address,191tsFather1sTheSun2222222225iM4gY
76a91457ec4dbfdabe367d750eb1e1939e195a4c044b7988ac,high,Burn Address,burn_address,191tsMother1sTheMoon22222221z3BtXD
76a91457ec4dd1ca53c609e7780eee4525079d76ea115188ac,high,Burn Address,burn_address,191tsNurse1sTheEarth22222221zkkvAq
76a91474d030556d496a2b6b734c328b5e615193cbc99488ac,high,Burn Address,burn_address,1BeenTurned1ntoEarth222222221soWAL
76a914a2fd2e8e2ff44323001975427b81c6fe2d4d65fe88ac,high,Burn Address,burn_address,1FromTheFire11111111111111113MzD3d
76a9145918ffe712d42462f3978a882334af90bc67d90f88ac,high,Burn Address,burn_address,198765ToTheEarth432111111111377S8T
76a9146b5a41a19a1e0c883f9c3e3803311714c3be6f8f88ac,high,Burn Address,burn_address,1AndReceivesThePower111111111hGdm7
76a91499b12ee7ad1aaf9ce9ce0962ca611685f80b280488ac,high,Burn Address,burn_address,1F1eeFromYou21111111111111111t6TRM
76a91413cb1c40ae55312b8728c9ae8ed28c9da01692cc88ac,high,Burn Address,burn_address,12ofA11StrengthThis1s55555552nCoKd
76a914100c9a042d8b98cf29326926f75a533148b48fe388ac,high,Burn Address,burn_address,12TrueStrengthBecause44444442gxLoc
76a91462b9842dfa67219f64534f5c48666d5c95e1009688ac,high,Burn Address,burn_address,1A11That1sSo1id22222222222222hakjF
76a9141653232932d3b5cd8c37831f5453ae981eb918c288ac,high,Burn Address,burn_address,1333ThriceGreatHermes33333337uPVys
76a914000117b154ac3edc7f7ab36df8ba8e7f41b9b50288ac,high,Burn Address,burn_address,112JustATwoLine222222222221vcJxpZ
76a9140000000020fc24081a2b0c3d0840500bd077e0c388ac,high,Burn Address,burn_address,11111Test111112222222222222LiApa
76a91400165f546ed3ce0c03c41fd8158422f377b2051f88ac,high,Burn Address,burn_address,11ToTheeXXXXXXXXXXXXXXXXXXXdR6cAb
76a9140007834e29ab5cd30c97af71ad5115de489a5dd588ac,high,Burn Address,burn_address,11A11Myse1fXXXXXXXXXXXXXXXXXn5k7N
76a91400080ac373797c826cb3f9854331772892f755a888ac,high,Burn Address,burn_address,11AdmitNeitherXXXXXXXXXXXXXUijHfx
76a9140000a914d47787f9266f8e9eb97914773346fe6688ac,high,Burn Address,burn_address,111ntensificationNorXXXXXXXUy3aW2
76a9140018cac632853a8361f19de1e272ea0163d1104888ac,high,Burn Address,burn_address,11WhatsoeverRu1e41nXXXXXXXXUat9Pj
76a9140000a84170248e86d4b92e3e3384492eebbcfe9888ac,high,Burn Address,burn_address,111nferredByGenera1XXXXXXXXagDnuz
76a914000ba6fbe6e4451c6c6b8b8bbc317ace4da01f2d88ac,high,Burn Address,burn_address,11ExceptionsxXXXXXXXXXXXXXXZQvoAs
76a9140009e59a9d6d976d6ed5a3d46ef6f6ff5a45544d88ac,high,Burn Address,burn_address,11CreatorWithCertainXXXXXXXWyF2xW
76a91400082b661089a94a003c7e510ae6ffb6d71d8e8088ac,high,Burn Address,burn_address,11AndThePursuitofXXXXXXXXXXThdsC2
76a9140000a9087945d60e7ee24ec956c100d3afe2709b88ac,high,Burn Address,burn_address,111nstitutedAmongMenXXXXXXXYkWtwg
76a9140018cc4e45fe7f44b12b3b4a9a4dd99f9983446d88ac,high,Burn Address,burn_address,11Wi11DictateThatXXXXXXXXXXbVNCX4
76a914000d325d0f37947d1dc64256cfdf73cc066bf7d288ac,high,Burn Address,burn_address,11GovernmentsLongXXXXXXXXXXXqCAG8
76a9140009c433e6a000bb53ae38d07ef6180997681ef188ac,high,Burn Address,burn_address,11ChangedForLightAndXXXXXXXVf8PSj
76a91400166ad5643f22874034020b878586ae2678495c88ac,high,Burn Address,burn_address,11TransientCausesAndXXXXXXXYbAnJv
76a9140014a2566bada3d0ff9ac8295338409aa5ec804988ac,high,Burn Address,burn_address,11RightThemse1vesByXXXXXXXXYGm9w3
76a914001649ed145f6964cf2a9e1e26db31bbbcd0eefe88ac,high,Burn Address,burn_address,11ThemUnderAbso1uteXXXXXXXXXMC3HG
76a9140015690e8ca222920c2925034846359b26106a5388ac,high,Burn Address,burn_address,11SecurityXXXXXXXXXXXXXXXXXcKTtqh
76a914001649e7cd158f78a119d760d22733f90015819a88ac,high,Burn Address,burn_address,11TheSetupTheJokeA1waysXXXXTF9Wzp
76a9140008e3d4077a8aafebb803b0779c612c7ec63b0e88ac,high,Burn Address,burn_address,11BeginsWithAFami1yActGoingY3Q4qw
76a9140000a780b21dc34ce3824896c5030b2139db21cb88ac,high,Burn Address,burn_address,111nToSeeATa1entAgentThoseXZxb7hQ
76a9140018cb90da5a2e503c301ad1bba6f945f8c34f9488ac,high,Burn Address,burn_address,11WhoMeetTheAgentCan1nc1udeX5TTvE
76a914001649e8efc95387f5911f7afd5ed11c27aff9f088ac,high,Burn Address,burn_address,11TheWho1eFami1yorJustoneXXYzNRZs
76a914000c2c330a225996d808a979fc3098a6f56bc41088ac,high,Burn Address,burn_address,11Fami1yMemberUsua11yTheXXXWZGoMP
76a914000c2ca4c635e52f0062e7e1314d66370ca6ea2f88ac,high,Burn Address,burn_address,11FatherTheAgentAsksWhatXXXYuQUYd
76a914001649f05f2c383396ed3f23e5743c3e0053d7f388ac,high,Burn Address,burn_address,11TheyDoSometimesAfterXXXXXTtD2zi
76a91400155ba41484ec768cc8d5d0265cb8e91c23dee888ac,high,Burn Address,burn_address,11SayingThatHe1sNotXXXXXXXXT79DX4
76a9140000a914d924a8305ef091177b34e1a56e3f209a88ac,high,Burn Address,burn_address,111nterestedAndAP1eaFromTheZMwnkD
76a914000c2ca4c633716c928c7093c936b24b0ac7624988ac,high,Burn Address,burn_address,11Father1fTheWho1eFami1y1sXYN36Gg
76a9140013144cfd4c761e9b7183a2313f9171358bb75388ac,high,Burn Address,burn_address,11PresentTheActMayBeXXXXXXXZyNvW2
76a9140012e8d630b4efde4c7a2b3f385c47d0b4dab81488ac,high,Burn Address,burn_address,11PerformedForTheAgentXXXXXVMs23z
76a9140014859fc08d912d0ee4e53ac8d8f78ecc30f15888ac,high,Burn Address,burn_address,11RatherThanDescribedThereXXhdW9E
76a9140000b8cb8db3077665058efa9869134098e2515088ac,high,Burn Address,burn_address,111sA1soThePossibi1ityofAXXVkZFLG
76a91400121357f0128407eace1b04fe348156efc5747688ac,high,Burn Address,burn_address,11Neutra1observerTe11ingTheUpbBR5
76a91400162dc6f78e0e45d3584cd587fa0dcb294ad8e088ac,high,Burn Address,burn_address,11Ta1eofSeeingTheXXXXXXXXXXTguUi2
76a9140012e8d630b4ee45cf22fe88024d771bae46c80488ac,high,Burn Address,burn_address,11PerformanceToTheTa1entXXXY2SKSy
76a91400081560649f203af22d20d3b1818c1a3c448a6a88ac,high,Burn Address,burn_address,11AgentTheAct1t1sDescribedXTzkQtr
76a9140000a66d556b4347d100e5ef7d695f4587d26b7d88ac,high,Burn Address,burn_address,111nAsMuchDetai1AsTheTe11erbrzo2d
76a91400131449a009998d15539210a243fefb9998ed0f88ac,high,Burn Address,burn_address,11PrefersWhi1eMostTe11ingsXaCqNJ4
76a914000c59421110f059b738ac2caad192a4d43d368388ac,high,Burn Address,burn_address,11Fo11owoneofAFewBasicFormsc6f63a
76a914001649e427ee7e6b470021e5bd6643d8729fc6b888ac,high,Burn Address,burn_address,11TheDescriptionofTheAct1sXas16Wn
76a91400113c6e94d11453f7f071ad187da5027c99d5d088ac,high,Burn Address,burn_address,11MeantToBeAnAdLibXXXXXXXXXZzH263
76a91400166ad2d35051480018a4d155e625e8b6ba2b3488ac,high,Burn Address,burn_address,11Traditiona11yTheXXXXXXXXXWdjGaW
76a914000a8feaa5be816806919eeaab01ca65faa1e99588ac,high,Burn Address,burn_address,11Description1sCrudeXXXXXXXUZEfSe
76a914001630f7f72c98bb725227455718f25efa5fcb6a88ac,high,Burn Address,burn_address,11Taste1essAndRiba1dTheGoa1YB14do
76a9140000b9ecca6dfea335b55a11a2a3e6871a5d69b888ac,high,Burn Address,burn_address,111sToSignificant1yXXXXXXXXUmLLXg
76a91400166ad5643553c9bd7941a73fcf7f3a6e5456cb88ac,high,Burn Address,burn_address,11TransgressSocia1NormsXXXXTGgNJ7
76a91400162ff268d6957cadd928cde6293222fb92acb188ac,high,Burn Address,burn_address,11TabooActsSuchAsVio1enceXXXBXdr4
76a9140000a810a7e60e1ac390d8e56ad583a6e23f56f488ac,high,Burn Address,burn_address,111ncestRapeChi1dSexua1XXXXYKzGT2
76a914000803e9913e33a1d1f6698c2781698e6a7bf30188ac,high,Burn Address,burn_address,11AbuseCoprophi1iaXXXXXXXXXXeNnbq
76a9140009db340b50cb027419592f8fd969dfedc931b888ac,high,Burn Address,burn_address,11CoprophagyBestia1ityAndXXUYKpZU
76a914001174b4796935400dff55f5a734b8ac49736b2c88ac,high,Burn Address,burn_address,11MurderAreCommonThemesTheXXd1GpA
76a91400131fd88d4aca7e9edfad338f431053bb7587e488ac,high,Burn Address,burn_address,11PunchLineTheShockedorXXXXUje6qj
76a9140000a9182ca1d5495d68871a544ea0e9b4232ede88ac,high,Burn Address,burn_address,111ntriguedAgentAsksWhatTheWEuNsd
76a9140008077a91418d470b663ec64b4f30ee17ea784088ac,high,Burn Address,burn_address,11Act1sCa11edAndTheProudXXXYrUZGD
76a91400082c5193508d8cbf21ae246e370a303a686ecf88ac,high,Burn Address,burn_address,11AnswerSometimesDe1iveredXWuCaUq
76a9140018cf96daadec3025efba24fee4a6cd4977519e88ac,high,Burn Address,burn_address,11WithAF1ourish1sTheXXXXXXXamirZq
76a91400083a7b091678d00eb2165d73f698da35459a5c88ac,high,Burn Address,burn_address,11AristocratsThePunch1ineXXWtQ62A
76a91400112f1ddbe7b46b7dab123fd87c6358d375805b88ac,high,Burn Address,burn_address,11MayBeModified1nSomeXXXXXXXmgkqP
76a9140017dc4a477eff3499043817812a1826b6675f8f88ac,high,Burn Address,burn_address,11VariantsButGenera11ySuchXXM2UQG
76a9140017dc4a477eff32a91936e5a23df7962fde407988ac,high,Burn Address,burn_address,11VariantsAreTo1don1y1nAXXXW5nLMH
76a9140009db140990370e81c64f49d0f2a2615486586e88ac,high,Burn Address,burn_address,11Context1nWhichTheorigina1agBCbr
76a914000edd1f9835c63c69294484743aa4d2a3e05f3988ac,high,Burn Address,burn_address,11Joke1sKnownThePrestigeXXXZNB1xy
76a9140008e390c5388dfe46c4197034b79bca7be6403588ac,high,Burn Address,burn_address,11BecauseTheSenseofWhatAnXXadytiG
76a91400083a7b091678d007c56f0928f0e2fe5a94fa3d88ac,high,Burn Address,burn_address,11Aristocrat1sHasFaded1nXXXZFzPB7
76a91400112e77bf350f0edc21dd0067fe5c0b93b31aa488ac,high,Burn Address,burn_address,11ManyCountriesTheFina1LineYWGfVo
76a91400112f22160ce1f80470a6239cae3238dad4437c88ac,high,Burn Address,burn_address,11MaySimp1yBeSeenAsTheEndofZArr1r
76a9140007dddcb08b94da9e8ce4d4d6b08da4198f161088ac,high,Burn Address,burn_address,11ARatherBawdyJokeRatherXXXXhZZCF
76a914001649ac38b29f67147a01fb8d6adf1e37c1a29988ac,high,Burn Address,burn_address,11ThanAPunch1ine1nSomeXXXXXWKfURF
76a91400149399cd7f24068f9844d00f080983ab6bca0088ac,high,Burn Address,burn_address,11RegionsTheNameofTheAct1sXUwc4dj
76a914001649e7d821ecb58d0c5ed15b129f152dfc254d88ac,high,Burn Address,burn_address,11TheSophisticatesorTheXXXXacrLyx
76a914000a8ee9836acadf596967741b399b48ed4e02f688ac,high,Burn Address,burn_address,11Debonairesorigina11yTheXXXh9Gxo
76a914000e1d9b3b980265accac89860adc6d651489b4b88ac,high,Burn Address,burn_address,11HumorofThePunchLineWas1nXUJGC2L
76a914001649e784ea5632756416d1a50187b5502a7e0f88ac,high,Burn Address,burn_address,11TheReadingofTheJokeAsAXXXXhLC7w
76a91400155b52c9a642793f77d75dc4f7f0d3280958a288ac,high,Burn Address,burn_address,11Satirica1CommentonTheXXXXZiSre9
76a914000a8ef61669f97bcaeca4c7f3c42be1f57a511288ac,high,Burn Address,burn_address,11DecadenceofTheAristocracyWCVpT9
76a9140000a71f2cb1e8681624b838943596a0c0fe018888ac,high,Burn Address,burn_address,111nModernPerformancesTheXXUyFRJp
76a914000e1d9b3f5d1510edf987e29a2611ad992efa6588ac,high,Burn Address,burn_address,11HumourLiesMore1nTheXXXXXXW7JSyt
76a91400082c5e2dd9191a2b4839477bc1e60fefd13ad588ac,high,Burn Address,burn_address,11Antic1imaxAsThePunch1ineXTrBfmb
76a9140000b9fe4df27cdc2b0614019da7f44d41c8bed788ac,high,Burn Address,burn_address,111sUsua11yKnownBeforehandXUSoxSX
76a91400092901748b55f8b1aa24cfb649fdae40cc7a7288ac,high,Burn Address,burn_address,11ByTheAudienceSomeVersionsYvdBMD
76a9140026f3d0a2d64b28c3044f818c8c435842c0bd2988ac,high,Burn Address,burn_address,11ofThePunch1ineContainTheXX5Lg5S
76a91400156a12bc74c8b4cabc278a01606c55a99f1bdf88ac,high,Burn Address,burn_address,11SetupLineWhatTheHeckDoYouX9gXeg
76a9140009a843f293cbbc257d8fd9cff38cb48ac2410e88ac,high,Burn Address,burn_address,11Ca11AnActLikeThatFo11owedX6jjJY
76a9140009290174d25c68f70676d95638f3e8d0a5af7288ac,high,Burn Address,burn_address,11ByThePunch1ine1Ca111tTheXXtn8R3
76a91400083a7b091678d00eb2165ab44f92b114ec8f6388ac,high,Burn Address,burn_address,11AristocratsTheAddedSetupXc9FJCx
76a9140017d930868b1eb0c641e1070d173ca11ed1396a88ac,high,Burn Address,burn_address,11Va1ueofThisVersionofTheXXc4qJHV
76a914000edd1f981b7d80d9b4e1943afd448fc529943288ac,high,Burn Address,burn_address,11Joke1nWhichThePitchmanXXXX3Kg3A
76a91400114c41da2df95bf3ef4ae5117b26bce7feed3488ac,high,Burn Address,burn_address,11MisunderstandsTheMeaningXa2a8yY
76a9140026f3d0a2d52b7dfc0dc2149c87eb591a34f9f888ac,high,Burn Address,burn_address,11ofThePhraseWhatTheHeckDoXWgy2bc
76a914001a8d70972a1024c0f141e3fbbcf5659422ff1e88ac,high,Burn Address,burn_address,11YouCa11ThatAsARequestForXZXHR9p
76a9140000a843f60b5c182ea102ac5f79d944d36afb3d88ac,high,Burn Address,burn_address,111nformationWhen1t1s1nFactY2Eaom
76a91400113c6e94d11453f7f31dbd75cea49ce37b93aa88ac,high,Burn Address,burn_address,11MeantToBeAnExpressionofXXafkC7o
76a9140000a813f4d8b42fd180e390a7c8bd99f1fd221788ac,high,Burn Address,burn_address,111ncredu1ityorBewi1dermentXenioh
76a9140000b97b135b0057060245043d435937d96b33f388ac,high,Burn Address,burn_address,111sLost1notherTe11ingsofXXY98zfL
76a914001649e599d0b1179e1eadb884683caae634d90b88ac,high,Burn Address,burn_address,11TheJokeWithTheSimp1erButXd7GVra
76a914001067d19f1434b8a8f1735f6ed85e05fc3d476288ac,high,Burn Address,burn_address,11LessSensib1eQuestionAskedYUvGSr
76a91400092901748a1cfdaf4ee3501868c6e7dce5d60688ac,high,Burn Address,burn_address,11ByTheAgentWhatDoYouCa11XXTr8amS
76a914001a8d7b21d3153938ded6517cd0afa70e8cb37588ac,high,Burn Address,burn_address,11YourActXXXXXXXXXXXXXXXXXXSpZKsG
76a91400080a415a84e13ff10daace78bfbabdf35c1adb88ac,high,Burn Address,burn_address,11AdditionVariab1eXXXXXXXXXZ6DSMf
76a9140018bd91624760fcf78b3c0f76f0f16a3bfd699488ac,high,Burn Address,burn_address,11We11As1dentifiersXXXXXXXXXcsnt5
76a9140008e3d40708fa6bcc2bf5ee89c0b2df81753c8c88ac,high,Burn Address,burn_address,11BeginWithADigitXXXXXXXXXXWEE9Z4
76a9140012340c3fed777357e4d9ec22417daf085d663688ac,high,Burn Address,burn_address,11NonintegerNumbersXXXXXXXXdM5qUN
76a9140018cb43c2ab0472dc533c606327fd6adfc2c51f88ac,high,Burn Address,burn_address,11WhichUsersMakeXXXXXXXXXXXX4tQgN
76a914000806834784f8b4117f5d55ddcf05519b7e4b2e88ac,high,Burn Address,burn_address,11AccountingSystemAXXXXXXXXX7N99L
76a914000c5c615af5c6136b5f697a887f781ec766e07188ac,high,Burn Address,burn_address,11ForAUsertransactionXXXXXXXyEZe1
76a91400165e3fbff5280c9b0282414747262fa07faac588ac,high,Burn Address,burn_address,11ToAgreeonASing1eXXXXXXXXXcCfZ4D
76a9140009db13c6a0d89cc5823c8ccf465e270b2a26db88ac,high,Burn Address,burn_address,11ConsistentCurrencyXXXXXXXYTsJJr
76a9140018cf97094c7777b936fd2a9b284d4d01aee89988ac,high,Burn Address,burn_address,11WithoutCentra1izedXXXXXXXWHFrwq
76a914001314db2547f295e88fa76c35c7f6c12c13eacd88ac,high,Burn Address,burn_address,11ProcessToWorkoverXXXXXXXXVVaKyy
76a9140017dc4e861322468704aeb63cf2588715e2530c88ac,high,Burn Address,burn_address,11VaryingNumberofXXXXXXXXXXS53NeZ
76a914001067fea4cfdfd3a5ee4b4aad1010198dca780d88ac,high,Burn Address,burn_address,11Leve1sofHonestyAndXXXXXXXZ6wika
76a9140008285eca8e80a41de885c7d163cf0388bedb9a88ac,high,Burn Address,burn_address,11AmongThe1ndividua1XXXXXXXUKxC7k
76a9140012da1cef299c86737105ecad4b3798d0cc15d588ac,high,Burn Address,burn_address,11ParticipantsXXXXXXXXXXXXXUGmPx6
76a9140013f54e50ca0d5b5a1de010b4beca0ef4ea7f6688ac,high,Burn Address,burn_address,11QuisNequeConva11isXXXXXXXaKXLNw
76a914000b6c2cb79d87d1682af3e5c1405beb62026a8a88ac,high,Burn Address,burn_address,11EgetMaecenasVitaeXXXXXXXXTxXhhz
76a914001247403316daff9c1708d5c7d751bfb7d2339788ac,high,Burn Address,burn_address,11Nu11aTempusVe1SedXXXXXXXXZ4zpeE
76a914001676e7c3c1bd1285ba355e03d6c6961fbb4f3888ac,high,Burn Address,burn_address,11TurpisEgestasEtiamXXXXXXXZ57PKu
76a914001747726b3c082af6da4a7f9d5d912ee12bc99388ac,high,Burn Address,burn_address,11UtTemporVe1LectusXXXXXXXXWWi8mb
76a91400112b96cd005863fd9253ae906ba77f0ad86d5888ac,high,Burn Address,burn_address,11Ma1esuadaFringi11aXXXXXXXYuPtwR
76a914001569ace69202fa64cae36232a81c3fd10cc7f288ac,high,Burn Address,burn_address,11SenectusEtNetusEtXXXXXXXXYaon2V
76a914000b6c2c9634ae319ae839f2f84d95104375510e88ac,high,Burn Address,burn_address,11EgestasSuspendisseXXXXXXXan6CJg
76a9140000b06734053f1ece769ba0700d6161c4b918d388ac,high,Burn Address,burn_address,111psumDo1orSitAmetXXXXXXXXYeUChT
76a914000c2cb3a7211acb6273bf65344d2cb9d8e7c9ff88ac,high,Burn Address,burn_address,11FaucibusEstMo1estieXXXXXXXbSKof
76a91400124a154ca2edc5d9f8c4ad0415e1157b669d8e88ac,high,Burn Address,burn_address,11NumbersNeededToBeXXXXXXXXXQ4w7Z
76a914000c5c629c5dfbfc4dcffab8a63fca48f341611488ac,high,Burn Address,burn_address,11ForExamp1eXXXXXXXXXXXXXXXaLpZWy
76a9140009c435137264fffb1bf51c45d8b0d9174627ae88ac,high,Burn Address,burn_address,11CharsizedVariab1eXXXXXXXXch52ak
76a9140010591136f71e8fa42126510c0033d36e07c5b788ac,high,Burn Address,burn_address,11LaserExcitationAXXXXXXXXXWbuyHj
76a914001744b95a3a4ef9cd3fd9d7d8c94f569f304f5f88ac,high,Burn Address,burn_address,11UsingLasersXXXXXXXXXXXXXXYMKoJ7
76a9140000b979a4d75703e96864a6aac2ffc1feec13b288ac,high,Burn Address,burn_address,111sLimitedToTheB1ockXXXXXXXsXTMt
76a9140007a8d6c8ce739be433f5bfdbbc878ad5fafc0588ac,high,Burn Address,burn_address,11ABCDEFGH1JKLMXXXXXXXXXXXXXtTSgS
76a914001232911060845e026e1a089b7641cddd932f0f88ac,high,Burn Address,burn_address,11NoPQRSTUVWXYZXXXXXXXXXXXXUteyja
76a914000c6747ffa8ab78bd63ec3775948a1c009cb99988ac,high,Burn Address,burn_address,11FromLeftToRight1t1sXXXXXXXqP8hY
76a9140013201cff6a9d203ff4d9e5b8e3b8ff495fc0d688ac,high,Burn Address,burn_address,11Purposefu11yNotXXXXXXXXXXW8rDwJ
76a9140015afedfd07fdc330d07d9c05ec01c222e48ee888ac,high,Burn Address,burn_address,11SyracuseSici1y1t1sXXXXXXXaYF4CE
76a91400091bd812597a7408a444a428c55034256f54e088ac,high,Burn Address,burn_address,11ButWhatMakesThisXXXXXXXXXVRkh8n
76a91400155ae25bade51db82984ba0fd749bed54b24e588ac,high,Burn Address,burn_address,11SamosoneofTheXXXXXXXXXXXXa3eE95
76a91400112ed4f5e976be38bf86123b6a5d3d1011bd8688ac,high,Burn Address,burn_address,11MathematiciansAtXXXXXXXXXXzfJTd
76a914000c5c6362ba3ef1e3f24c4f18156308925d3fa188ac,high,Burn Address,burn_address,11ForHisAbi1itiesAsAXXXXXXXZounSR
76a914001649ee874cd8d156e70143ea29baa09ba9236f88ac,high,Burn Address,burn_address,11ThereWasAVeryLongXXXXXXXXcgBK7T
76a914000c5c662f0150db0230e42828b5b6912b74b7c488ac,high,Burn Address,burn_address,11ForTheMi1kfundXXXXXXXXXXXYpuA12
76a9140007b904660327a1c3a012cc7777501c39eb492288ac,high,Burn Address,burn_address,11AFatLadyAndAnUsherXXXXXXXZLBJLb
76a914001a8d7be69236807677ca69e1c0f3eab614e62b88ac,high,Burn Address,burn_address,11YoutubedotcomXXXXXXXXXXXXWwAwjx
76a91400106ba4365adb8357348e099e7f0f6762468efa88ac,high,Burn Address,burn_address,11Lfv3bcobfwkXXXXXXXXXXXXXXSYRF5z
76a914000fdf75ee9a540c54b97cb4ad5b0e0821b2719c88ac,high,Burn Address,burn_address,11L1sLowercaseXXXXXXXXXXXXXZbZky9
76a91400112ed80f0cd73e5cc2b63958892cc43876f06b88ac,high,Burn Address,burn_address,11MatthewLovesmandaXXXXXXXXabCJPY
76a9140008a1200fde493cbba5259bffc44a75e744b34388ac,high,Burn Address,burn_address,11BLahBLahBLahXXXXXXXXXXXXXZTGiC2
76a9140008a1f23aebb9c91717f7beef00ba6d1f2ee7da88ac,high,Burn Address,burn_address,11BLockDotComXXXXXXXXXXXXXXb2StBh
76a9140000000000000000049b8b5e740f439bf0a8d2ca88ac,high,Burn Address,burn_address,111111111a11111111111b11dC8yHQ
76a914000000000000000004e3082ddff128ad25f7fc9c88ac,high,Burn Address,burn_address,111111111c1111111111111dWctEU9
76a914000000000000000000000007a8b1e01248797ca388ac,high,Burn Address,burn_address,111111111111e1111111111W7v25m
76a9140000000000cf91db115e1b4586a18f011fcbf7c988ac,high,Burn Address,burn_address,111111f1111111111111111g11WfG2p8
76a914000000000000000000000000248bc90202c849ea88ac,high,Burn Address,burn_address,1111111111111h111111111WdQPXP
76a9140000000032bd7f13c5954c4fb3303ef3ee5365c688ac,high,Burn Address,burn_address,11111i111111111111j1111111bL5SyF
76a914000000000000004ee4e7d1694e92dbcc2c7ef64a88ac,high,Burn Address,burn_address,11111111k111111111111111XV7PT9D
76a9140000460128dce9d40083126fd63f01d0b1518af488ac,high,Burn Address,burn_address,111L1111111111111111111m111YmYGPJ
76a9140000000000000000000000000000003cf42ba30388ac,high,Burn Address,burn_address,1111111111111111n11111U4Rs6D
76a9140000000000000000000000002a072728b666550088ac,high,Burn Address,burn_address,1111111111111o111111111cLV3wA
76a91400000000000000017c9d845b63b69a9f26d1558b88ac,high,Burn Address,burn_address,11111111p11111111111111qW1RK1A
76a9140000000000000000000000000000000124f3ad0e88ac,high,Burn Address,burn_address,1111111111111111r1111VRWJZs
76a91400000000000000000000000a59966d11c9b8ed9c88ac,high,Burn Address,burn_address,111111111111s1111111111VUeyXS
76a9140000000000000000000002644d9a3eca6ab21b4388ac,high,Burn Address,burn_address,11111111111t11111111111Vq1Wm3
76a9140000000000000001a51b35d77ea9595e616a51e988ac,high,Burn Address,burn_address,11111111u111111111111111bVpCYE
76a914000000000000000007666b78aae23648064ba13388ac,high,Burn Address,burn_address,111111111v11111111111111XoV17A
76a9140000000000000063138e487856c45583618d933e88ac,high,Burn Address,burn_address,11111111w1111111111111111YyEFv6
76a914000000000000000007ade84816c41b593baa41d988ac,high,Burn Address,burn_address,111111111x11111111111111XvZPGp
76a9140000000000000000000002a05535ea97fcaf7d4e88ac,high,Burn Address,burn_address,11111111111y11111111111Y1hDo5
76a914000000000000000000000000000011a76bacb9f588ac,high,Burn Address,burn_address,111111111111111zXXXXXXVSn6d5
76a914000b983fcc598c12975c26915f7f07f6099300bf88ac,high,Burn Address,burn_address,11EtchabLockdotcomXXXXXXXXXXzmeuk
76a91400197b69eebac9bc328c2f502e4ad51c8031029b88ac,high,Burn Address,burn_address,11XXXXXXXXXXXXXXXXXXXXXXXXXXVB55p
76a91400161970adf406e78bd5f13f765af1832713aaea88ac,high,Burn Address,burn_address,11TUVWXYZXXXXXXXXXXXXXXXXXXTDiFJV
76a91400007078ffb3c5af61f996e27c6264c71cb1658f88ac,high,Burn Address,burn_address,111XXXXXXXXXXXXXXXXXXXXXXXXSrJJb1
76a9140012487a83282057bdb1ff590eccf5331d4aa25488ac,high,Burn Address,burn_address,11NuLLaSedAugueNuLLaXXXXXXXVX9Pmd
76a914001088e6c651c5bc25ad2b7c0040fcbc2471f43688ac,high,Burn Address,burn_address,11LoremLobortisEtiamXXXXXXXWQboLj
76a91400164e1bf0ef13765e4825d17af107d518059cbd88ac,high,Burn Address,burn_address,11Tincidunt1nEnimDiamXXXXXXX2ztDH
76a9140017dc4a5f190649b9bdeec8e175f0c8aec65c8f88ac,high,Burn Address,burn_address,11Varius1psumAEratXXXXXXXXXYwWKMe
76a9140007cbf1e937fd35497b9447b1fffe0ac14cfdc888ac,high,Burn Address,burn_address,11ALiquetArcu1dTeLLusXXXXXXXQvHiv
76a9140009f16b567f8f068b5b9b638bea29f7bf44d70788ac,high,Burn Address,burn_address,11CurabiturPLaceratXXXXXXXXYZmM8X
76a914000c66f71066b60055b7cfdb28d7a1252411ffbf88ac,high,Burn Address,burn_address,11FringiLLa1nterdumXXXXXXXXZhx9eD
76a91400112ccbc94ac65ac7058aa821cc4e4398c6f8a388ac,high,Burn Address,burn_address,11MaLesuadaTemporXXXXXXXXXXZQgpzP
76a9140009db0fd9975fe5eda14a2e2494fb9975170eb888ac,high,Burn Address,burn_address,11CondimentumTortorXXXXXXXXcuameh
76a91400155a8fa6430caf1716b009d39764f55215c38388ac,high,Burn Address,burn_address,11SagittisErosEratXXXXXXXXXXJXprW
76a9140000b06734464df339a0d99244f0f5df561e51f288ac,high,Burn Address,burn_address,111psumRhoncusEnimEuXXXXXXXYs4VLc
76a91400164e1bf0ef1376f7a6e68bb7a4bff6365f747f88ac,high,Burn Address,burn_address,11TinciduntLiguLaEtXXXXXXXXVQvGit
76a914001213171c4127d8cf295db2af773e1da94f77eb88ac,high,Burn Address,burn_address,11NequeXXXXXXXXXXXXXXXXXXXXTutHMo
76a914000de4b8cd7b396c05b65a93329188447dfc39d688ac,high,Burn Address,burn_address,11HeLLoWorLdXXXXXXXXXXXXXXXXkGB57
76a914000ab11d22fa8b55dacb0bcd89bc2c55c4daf65388ac,high,Burn Address,burn_address,11DotComXXXXXXXXXXXXXXXXXXXadFTXV
76a914000d319c1aab2a33bc1c02c5958c5903ce4c58d488ac,high,Burn Address,burn_address,11GoingXXXXXXXXXXXXXXXXXXXXaeLbCD
76a914000c5c6954abe32c5bce398489708ea2a5acbc5288ac,high,Burn Address,burn_address,11ForeverXXXXXXXXXXXXXXXXXXWcSE4Z
76a914000000000000000000000000000000000000000488ac,high,Burn Address,burn_address,11111111111111111111UpYBrS
76a914000000000000000000000000000000000000000388ac,high,Burn Address,burn_address,11111111111111111111QekFQw
76a914000000000000000000000000000000000000000588ac,high,Burn Address,burn_address,11111111111111111111g4hiWR
76a914000000000000000000000000000000000000000288ac,high,Burn Address,burn_address,11111111111111111111HeBAGj
76a914000000000000000000000000000000000000000688ac,high,Burn Address,burn_address,11111111111111111111jGyPM8
76a914000000000000000000000000000000000000000788ac,high,Burn Address,burn_address,11111111111111111111o9FmEC
76a914000000000000000000000000000000000000000888ac,high,Burn Address,burn_address,11111111111111111111ufYVpS
76a914000dd83bd1346d3934aa5ca578bfec50dbc4164188ac,high,Burn Address,burn_address,11HawkingXXXXXXXXXXXXXXXXXXRu9FPe
76a914000b983fcc598c1294024bb82c6378e665fcd58e88ac,high,Burn Address,burn_address,11EtchabLockDotComXXXXXXXXXV3aBeU
76a91400037120f7f4a39fbecc3c086344e82bc1afd94c88ac,high,Burn Address,burn_address,11589b3caadbd4odbXXXXXXXXXXWTF16u
76a914c1a754201f0e61ad0e43b99cd3aa7cde19437e8388ac,high,Burn Address,burn_address,1JewsDidTheEconomyXXXXXXXXXXbd7ZkE
76a91407e700b97350036dcbcefe69e0b80703837b795a88ac,high,Burn Address,burn_address,1inTheWabeXXXXXXXXXXXXXXXXXY4msMd
76a914000000000000000000000000000000000061736488ac,high,Burn Address,burn_address,1111111111111111114hC5DWZkt9
76a914000000000000000000007366616661736661736688ac,high,Burn Address,burn_address,11111111111jReUwMAxevLMq3CFYLU
76a914000000000000000000000000000061736461736488ac,high,Burn Address,burn_address,1111111111111116UYmRBuMPBX82M
76a914000000000000000000007177657277717265747788ac,high,Burn Address,burn_address,11111111111iiRF4oaSmoch71adc1r
76a914000000000000000000000061736667737477657488ac,high,Burn Address,burn_address,11111111111197nBJTtD1KhHRGpHTq
76a914000000000000000000007177717772717772717288ac,high,Burn Address,burn_address,11111111111iiRUDpPQCW5NDPFnYjr
76a914000000000000000000000000000071726577726788ac,high,Burn Address,burn_address,1111111111111117NfxiuJZGr5XXB
76a914000000000000000000000000000071776572677488ac,high,Burn Address,burn_address,1111111111111117NjepKDWv4w27o
76a9140000000000000000000000002c3234362c32313488ac,high,Burn Address,burn_address,1111111111111qNe3ekmPY8YXkoND
76a9140000000000000000000000302c3131362c31363988ac,high,Burn Address,burn_address,11111111111151ii1XDev6MhjfUYQ5
76a914000000000000000000000a64657363000000fc0088ac,high,Burn Address,burn_address,111111111114pbDY6GG5BV71AQSjhK
76a914000000000000000000000001020304ffc400180188ac,high,Burn Address,burn_address,1111111111115sPzkX8R46KvtdeCL
76a91400000000000000000000000000f6d6000100000088ac,high,Burn Address,burn_address,1111111111111124D8UkwSfiDR2auz
76a91400000000000000000000000000000a646573630088ac,high,Burn Address,burn_address,111111111111111as5NCrJeHqBHE
76a914000000000000000000000074657874000000004688ac,high,Burn Address,burn_address,111111111111AhJdRjUku8DPcM6Mx7
76a914818895f3dc2c178629d3d2d8fa3ec4a3f817982188ac,high,Burn Address,burn_address,1CounterpartyXXXXXXXXXXXXXXXUWLpVr
76a9140b612096a2499a212f9248f63bd07d92144fd00788ac,high,Burn Address,burn_address,123AnditsGone111111111111111Ymiao1
76a91401bb62e20b67b8d04d886c1c2eeb4296b8c0d5cc88ac,high,Burn Address,burn_address,1AAA222222222222222222222223WQ9pY
76a91401eca6c06edf036ded2465a80fff1dcf7966b20688ac,high,Burn Address,burn_address,1BBB22222222222222222222221ykGZyK
76a914021dea9ed2564e0b8cc05f33f112f9083a0c8e4188ac,high,Burn Address,burn_address,1CCC2222222222222222222222289quce
76a91401e4d49e33af7c3c2be20577b305737dc13012cd88ac,high,Burn Address,burn_address,1B1ockchainSa1udosALa2222222BtdNT
76a9140729dfb8cdc2fd7e95954c3b9e1151f0eb6aecb588ac,high,Burn Address,burn_address,1esto1no1anda222222222222222jbh5F
76a914029fe47deaac8f62124c9385cdfce57eefcb5a7b88ac,high,Burn Address,burn_address,1EstuvoAqui2222222222222221zorpAi
76a914054117a116bc10caaf39b130eb1c0fcd3e311a0188ac,high,Burn Address,burn_address,1UnMensajeParaToda2222222226C2PCx
76a91403b3a673d5ba2f32143504ea2f75d11d932e57e788ac,high,Burn Address,burn_address,1LaEternidadSoLoPor522222221thWPG
76a91402d1bed0b10e7a9a18f95e369e1780df374b19d688ac,high,Burn Address,burn_address,1FuckMtGoxFFFFFFFUUUUUUUUUUQXW5ik
76a91402d1bed3c13686d5957545fc4d87cbaabd687e9d88ac,high,Burn Address,burn_address,1FuckYouDrakavion11111111113mDNBA
76a9140291b1e54dca6e745de5641a089fb95d95dc75fc88ac,high,Burn Address,burn_address,1EatShitTravismitXXXXXXXXXXVwn1Wb
76a91402d6d7a271454f02105ec73e6394d8290813aff488ac,high,Burn Address,burn_address,1G1itch1sAShitXXXXXXXXXXXXXZhFj71
76a91400299e22b9fc43fd274d5582885e402a6220d3a688ac,high,Burn Address,burn_address,11rregard1essSUCKSxxxxxxxxxxnWcVw
76a914041864b7da8549f0c710cb86cf49f07c0628f22488ac,high,Burn Address,burn_address,1NeverGonnaRunAroundXXXXXXXVmw254
76a91401d9d43b4bd5bcebf4d0be52681b6755c883a82d88ac,high,Burn Address,burn_address,1AndDesertYouXXXXXXXXXXXXXXZGQ6kS
76a914041864b7da8549f0d50f149cd8b47e97e38523b788ac,high,Burn Address,burn_address,1NeverGonnaTe11ALieXXXXXXXXZ3GTDD
76a91401d9d4808c43d27289f6adb2d64ab8364fb562f088ac,high,Burn Address,burn_address,1AndHurtYouXXXXXXXXXXXXXXXXaYyvdw
76a91404d9c2a000597bf486e1009fb56deba6b93c20ef88ac,high,Burn Address,burn_address,1Sea1sWithC1ubsRu1esYAAAAAAAskfyL
76a9140511dbb93f64b7e42215477ea5510553095260ec88ac,high,Burn Address,burn_address,1Tommy1SGreedyXXXXXXXXXXXXXUaCcpi
76a914041f4d6fa34944ac4cf5451d461f4b7b037dcecf88ac,high,Burn Address,burn_address,1NoChipsForTomRidd1eXXXXXXXZdqC5y
76a91405147aab5cce683d0b749f76dc6f19308a3b815d88ac,high,Burn Address,burn_address,1TrustMe1mADoucheXXXXXXXXXXWPGcQC
76a91403534291e144c808db7934072a47b3f3bf8510bd88ac,high,Burn Address,burn_address,1JamatrixTheTurdBurg1arXXXXV8agN2
76a91407d197171bbdb57be065cf1a9283eee198f6b69188ac,high,Burn Address,burn_address,1iLoveYouForeverYukiXXXXXXXV8wpyQ
76a914041f6e2997f4eb747fc18b21a50f4fd94aa01b7188ac,high,Burn Address,burn_address,1NoMatterWhatHappensXXXXXXXRWChtN
76a914041fe9e6fb9daab47a08aa1f7bfa878f04d4272488ac,high,Burn Address,burn_address,1NowAndForeverXXXXXXXXXXXXXRKThZj
76a914050d538cd061e5ddecba57ce464d5cc060c6aac788ac,high,Burn Address,burn_address,1TiLtheEndofTimeXXXXXXXXXXXZzUF35
76a9148b6e0453afb4379b0f65d42c185ae7ba43ead78388ac,high,Burn Address,burn_address,1DiEimpersonator666XXXXXXXXX4BVXKe
76a914805639c18149c375a977300cd0821bbb9731515588ac,high,Burn Address,burn_address,1ChancecoinXXXXXXXXXXXXXXXXXZELUFD
76a91401c5942719da84a8a1102094b48f926cf670817e88ac,high,Burn Address,burn_address,1ANNCinniCoinxxxxxx111111112Vjrsh
76a914f320e319d6dbc7875d2298dd35c183c415c2b86088ac,high,Burn Address,burn_address,1PAYbenXXXXXXXXXXXXXXXXXXXWzzRFRXP
76a914f320de43c667679b91026079734b41dbd40c2e4688ac,high,Burn Address,burn_address,1PAYaLexXXXXXXXXXXXXXXXXXXWzw1NkfG
76a914f320e680c0b2e05157e9078066c6dc6fae745d2c88ac,high,Burn Address,burn_address,1PAYcaLeb2XXXXXXXXXXXXXXXXX111ArAm
76a914f321379411cc2a6b4f1c3ea11062ab72862e159c88ac,high,Burn Address,burn_address,1PAYzachXXXXXXXXXXXXXXXXXXWzzyDmGW
76a914f320e680c0b59b8003eda2ceca3b835edaa9573088ac,high,Burn Address,burn_address,1PAYcaLebXXXXXXXXXXXXXXXXXWzzJde8k
76a914669d47fb310019d6700a49182fb4548a6b56606f88ac,high,Burn Address,burn_address,1AMaLexXXXXXXXXXXXXXXXXXXXX12acNQx
76a914669f25cbe6b7db987957506de2232c39eaf1a56088ac,high,Burn Address,burn_address,1AMcaLebXXXXXXXXXXXXXXXXXXWzw5FQ7E
76a914669e6080d7f819fc54b1aeb611a979313c30076288ac,high,Burn Address,burn_address,1AMbenteztXXXXXXXXXXXXXXXXWzz3nejr
76a914669e60729c2596f0143034ee99aa51d83337b86e88ac,high,Burn Address,burn_address,1AMben1testXXXXXXXXXXXXXXXWzuksvHt
76a914669e6072e3ecf988ed41d9146b6d8f9a03827e6488ac,high,Burn Address,burn_address,1AMben2testXXXXXXXXXXXXXXXX13vSQYz
76a91466a52eec76c3a62e82aed10f0792c7f90ba4448b88ac,high,Burn Address,burn_address,1AMjohnsonXXXXXXXXXXXXXXXXX115AFJG
76a914669e607c5eb4ba77cb780e4899b8d4335d8daf6388ac,high,Burn Address,burn_address,1AMbenchanXXXXXXXXXXXXXXXXX11NuJ8W
76a91466a50da0e8757ba4a0bb9f258399a21061c7221f88ac,high,Burn Address,burn_address,1AMjeffXXXXXXXXXXXXXXXXXXXWztqULCz
76a91466a00bd489ec642fed26920dad2039eb5c427ed688ac,high,Burn Address,burn_address,1AMdemoXXXXXXXXXXXXXXXXXXXX14ugQed
76a91466b1842c49f4ec21461ab69bac2267aa471543b988ac,high,Burn Address,burn_address,1AMzacharyXXXXXXXXXXXXXXXXWzvuSJ8s
76a91466acb1d0dbafd1fdedd22958e15d7d2fa5a67a3588ac,high,Burn Address,burn_address,1AMtobedeterminedXXXXXXXXXWzuCmDc3
76a91466acb2890acebb77c878810bf444970f2cfa780988ac,high,Burn Address,burn_address,1AMtonyXXXXXXXXXXXXXXXXXXXX147UcZ1
76a914669f417f812602dd55a2912ed516da690663de9788ac,high,Burn Address,burn_address,1AMchrisXXXXXXXXXXXXXXXXXXX11FV7LX
76a91466a1edeb03fa547defec6f9c8844927dbf43246788ac,high,Burn Address,burn_address,1AMfuckXXXXXXXXXXXXXXXXXXXWzyyX3tr
76a914669e607c719af7e1198da610c0134cd3b824df9e88ac,high,Burn Address,burn_address,1AMbencxrXXXXXXXXXXXXXXXXXX113Y5Mq
76a914669e607c7198249655f2d07035e13f086fee11f288ac,high,Burn Address,burn_address,1AMbencxr1XXXXXXXXXXXXXXXXWzzCAbqY
76a914669e6080d7d1d160e0a613438de9a4aec349714f88ac,high,Burn Address,burn_address,1AMbentest2XXXXXXXXXXXXXXXWzvF3K3t
76a914669e6080d7d1d1cb4afc87072d7a2674c3c50f7188ac,high,Burn Address,burn_address,1AMbentest3XXXXXXXXXXXXXXXWzzuthHX
76a914669e6080d7d1d235b552facacd0aa83ac440ad9388ac,high,Burn Address,burn_address,1AMbentest4XXXXXXXXXXXXXXXX12Jn3J2
76a914669e6080d7d1e561ec9edb669e326b40c7ef7a1b88ac,high,Burn Address,burn_address,1AMbentestrefundXXXXXXXXXXWzx7iBLp
76a914669e607aeb5dd542af570fb23e7f43294eb1aa5288ac,high,Burn Address,burn_address,1AMbenXXXXXXXXXXXXXXXXXXXXX111dCKD
76a914ef1b9e3bc4b103baf6e208baef6078332f5ba4c788ac,high,Burn Address,burn_address,1NoHandLeBarsXXXXXXXXXXXXXXXaFf5qh
76a914b6aafc608d8f42d003f414000a80baf5fc834d8488ac,high,Burn Address,burn_address,1HerpDerpXXXXXXXXXXXXXXXXXXXXxELoa
76a914ed879bd090da1f6c57ff50f47400ce3a4f53731a88ac,high,Burn Address,burn_address,1NewbiecoinXXXXXXXXXXXXXXXXDN67UA8
76a91401ec092492e7cf418178c93305e892c265a26b8588ac,high,Burn Address,burn_address,1BASExxqwertyoruiopxxxxxxx21LVPqM
76a91497a02443d4cbc269ee889e3306abb81031446c1f88ac,high,Burn Address,burn_address,1EpisodeiV111111111111111111wbq9i2
76a91466d188df2a717d8a81d72d02847091f41883ee9588ac,high,Burn Address,burn_address,1ANewHope1111111111111111111vnYm6D
76a914000000000000000000000000000000000000001188ac,high,Burn Address,burn_address,111111111111111111112xT3273
76a91407ec3ac8a926c59f15dceb806cbcaccff0ae4eeb88ac,high,Burn Address,burn_address,1itisAPeriodofCiviLWarRebeLyzK2rV
76a91404e21dd09e97c216e92a89dfc0f44e251f9ce9c188ac,high,Burn Address,burn_address,1SpaceshipsStrikingFromA111vh24Fi
76a914b761a55092f6e11fae9979d99af7f5b88edee4de88ac,high,Burn Address,burn_address,1HiddenBaseHaveWonTheirFirstVCugGV
76a914056e637b011c22949e7f2d0663dc39efcc1c4f3b88ac,high,Burn Address,burn_address,1VictoryAgainstTheEviL111123YSBKF
76a914aad7f52f38de8ce05aba7a0eb92df7a64444557088ac,high,Burn Address,burn_address,1GaLacticEmpire1111111111111xsW5HG
76a914000000000000000000000000000000000000001a88ac,high,Burn Address,burn_address,1111111111111111111141MmnWZ
76a9148da0a4dbf651883243a906ad1e688415670f337788ac,high,Burn Address,burn_address,1DuringTheBattLeRebeLSpies11ybfhTP
76a914e1c64a934ad017dfa1f0d7ea326056a4f30635c688ac,high,Burn Address,burn_address,1ManagedToSteaLSecretPLansToxvKf4K
76a914050cbdc34212fe367fc82f314d8253ace0fede2488ac,high,Burn Address,burn_address,1TheEmpiresULtimateWeapon11zoRcyn
76a914050cbdaa1e659b30508227c2487c04c76b0d46ef88ac,high,Burn Address,burn_address,1TheDEATHSTARAnArmoredSpacezUyCHa
76a91404e575a0b62b15fc836a9812ac796063af49db5f88ac,high,Burn Address,burn_address,1StationWithEnoughPowerTo11vFTWwP
76a9148acb625eed39b1f8a24694b3abb30e05c277243e88ac,high,Burn Address,burn_address,1DestroyAnEntirePLanet1111122KUcy5
76a914000000000000000000000000000000000000002388ac,high,Burn Address,burn_address,111111111111111111114ysyUW1
76a914fb520877e9304b861fe546f4e60448204ee4559a88ac,high,Burn Address,burn_address,1PursuedByTheEmpiresSinisterypjWrk
76a9146a38e6b0dfb2a42eb82a9c2bbab7ffe0f8b062f388ac,high,Burn Address,burn_address,1AgentsPrincessLeiaRacesHomewxuNTT
76a914694e292fb000234d42f60349d8d072390d2e4e4c88ac,high,Burn Address,burn_address,1AboardHerStarshipCustodian1yhX6zg
76a91408d33d44e83e15c20800d566228e1085f46c916c88ac,high,Burn Address,burn_address,1ofTheStoLenPLansThatCan111zCJt3F
76a91404d6b7d5cdb57b3824a603eeb7197cf2e7cd1df188ac,high,Burn Address,burn_address,1SaveHerPeopLeAndRestore111yULD1y
76a914a2f5921fb740f6ce6db311001f1cbc329490843488ac,high,Burn Address,burn_address,1FreedomToTheGaLaxy1111111122roNk3
76a914f52503aba8b1aee36a090c9bbc9ea1ac5243fcd088ac,high,Burn Address,burn_address,1PMCtoPMPXXXXXXXXXXXXXXXXXXXWgbbu1
76a914f524b5501ee732a3b30ec98268edbed7a6434ba788ac,high,Burn Address,burn_address,1PMCXXtoXXPMPXXXXXXXXXXXXXXXbFohR7
76a91400000000000000000000c06de5f40d83655f933388ac,high,Burn Address,burn_address,111111111112Dk8JJnSyoANH4Ayc8ht
76a91400000000000000000000000000000000d8058deb88ac,high,Burn Address,burn_address,11111111111111111d8gW5esGd38
76a91400000000000000000000010203ffda000c03000088ac,high,Burn Address,burn_address,11111111111NVTa6z1KSCfm2KwS53
76a9140000000000000000000000000000000000f6d60088ac,high,Burn Address,burn_address,111111111111111111AMXmxkqDAw
76a9140000000000000000000000000000000000000a6488ac,high,Burn Address,burn_address,11111111111111111116B8w87yU
76a914000000000000000000000000000000746578740088ac,high,Burn Address,burn_address,11111111111111112Uw1np8d342YV
76a91466a92c3fde133b0d7be02dd240ac917dcfb6755988ac,high,Burn Address,burn_address,1AMpauLXXXXXXXXXXXXXXXXXXXWzywCd6j
76a91400000000000000000000000001020304ffda000c88ac,high,Burn Address,burn_address,111111111111126ysEwRGHieuvbKA
76a914000000000000000000000000000000f6d600010088ac,high,Burn Address,burn_address,111111111111111149EM9zxGWLCvL
76a914000000000000000000000000000000001164657388ac,high,Burn Address,burn_address,111111111111111113uj6otJ75q9
76a914000000000000000000000000000000000a64657388ac,high,Burn Address,burn_address,111111111111111112jpPiEMiNBx
76a914000000000000000000000000007465787400000088ac,high,Burn Address,burn_address,11111111111111Vs5QfW5Cq1qRN7N
76a914000000000000000000000000000000000000746588ac,high,Burn Address,burn_address,1111111111111111111zxnxU6BF
76a914000000000000000000000000000000000000116388ac,high,Burn Address,burn_address,11111111111111111119fEivzRC
76a914000000000000000000000000000000646573630088ac,high,Burn Address,burn_address,11111111111111112H7uGVFu48jHs
76a914000000000000000000000064657363000000000088ac,high,Burn Address,burn_address,1111111111119N1VdXJWGZ2HYk92vf
76a91400000000000000000000000000028f000000027388ac,high,Burn Address,burn_address,11111111111111doM8vPnmycQC8q
76a9140000000000000000000000f6d6000100000000d388ac,high,Burn Address,burn_address,111111111111MZT5sH8fKRHd9ShFAg
76a914000000000000000000000000116370727400000188ac,high,Burn Address,burn_address,1111111111111L2r2Rh3yc9TMv9xK
76a914000000000000000000000000000000000058595a88ac,high,Burn Address,burn_address,1111111111111111114MBnNyJtjS
76a91400000000000000000000002c5265666572656e6388ac,high,Burn Address,burn_address,1111111111114h7k7xoMHCXeCfHEJ8
76a914000000000000000000000000001163707274000088ac,high,Burn Address,burn_address,111111111111115K6DZL3VEQXkTc2
76a914000000000000000000001273524742204945433688ac,high,Burn Address,burn_address,111111111117nR5uRZb7UcTr5oWcGU
76a914000000000000000000000000000000000000585988ac,high,Burn Address,burn_address,1111111111111111111kznksqu6
76a914000000000000000000006465736300000000000088ac,high,Burn Address,burn_address,11111111111dujBNCkGBeLfftyPVqF
76a914000000000000000000000000000000006465736388ac,high,Burn Address,burn_address,11111111111111111HnyFPJ5qPuB
76a914000000000000000000000000766965770000000088ac,high,Burn Address,burn_address,11111111111113EbxnNkoyWxKa6eFC
76a914000000000000000000000000000000000000028f88ac,high,Burn Address,burn_address,11111111111111111112GvNtZ1K
76a9140000000000000000000000010000f6d60001000088ac,high,Burn Address,burn_address,1111111111115qCXKwbZ8jX2NPQb3
76a914000000000000000000000000000000116370727488ac,high,Burn Address,burn_address,1111111111111111DqZY8mA89eZz
76a914000000000000000000000000646573630000000088ac,high,Burn Address,burn_address,11111111111112ttKGXRoxdi7KDGt2
76a91400000000000000000000028f000000027369672088ac,high,Burn Address,burn_address,11111111111wZGRsZzwa6ajjAVLkT
76a914000000000000000000000000000000000064657388ac,high,Burn Address,burn_address,1111111111111111114ofaDASE33
76a914000000000000000000000000007669657700000088ac,high,Burn Address,burn_address,11111111111111WN4aPbrABRazPFi
76a91405fc82c27af45799e460d8c31fc8f3b11bba695b88ac,high,Burn Address,burn_address,1YesiWiLLoooooooooooooooooo1Snfvq
76a9140000000000000000000000000041706f6c6c6f5f88ac,high,Burn Address,burn_address,11111111111111HEBa2WBzfnZMqvN
76a914000000000000000000007800000001000000780088ac,high,Burn Address,burn_address,11111111111m7jVWXwkoh45cuHjhJ7
76a914838d5b847f3d063974e1b572c258ac4d95f4298d88ac,high,Burn Address,burn_address,1CzarpartyxxxxxxxxxxxxxxxxxxVpVnVc
76a914000000000000000000000000000058595a20000088ac,high,Burn Address,burn_address,1111111111111115xtagWowUVaapf
76a914000000000000000000000000000000000000766988ac,high,Burn Address,burn_address,111111111111111111121xzjPWX1
76a914000000000000000000000000006465736300000088ac,high,Burn Address,burn_address,11111111111111RtxLq8S95JYmTkn
76a914000000000000000000000000000000028f00000088ac,high,Burn Address,burn_address,11111111111111112tZKb7nLCWNe
76a91400000000000000000000f6d6000100000000d32d88ac,high,Burn Address,burn_address,111111111112ZkE8UvCp8JCNRhfuBoo
76a914000000000000000000000010646573630000014488ac,high,Burn Address,burn_address,1111111111112NBzrcNMJZmZQmqkvm
76a91400000000000000000000000029242a220000000088ac,high,Burn Address,burn_address,1111111111111n2iL75V4qrhYXd7z
76a914ee2989d38a329094bc13a4bb8b2570c667d1a69788ac,high,Burn Address,burn_address,1NiHao1CoinAssoBoTXXXXXXXXXXUrgPGP
76a914000000000000000000000016494543206874747088ac,high,Burn Address,burn_address,1111111111112rfUaG6qgmcVwNRg5o
76a914000000000000000000000000000000000000006488ac,high,Burn Address,burn_address,11111111111111111111CJawggc
76a914000000000000000000000076696577000000000088ac,high,Burn Address,burn_address,111111111111As3KDH2NLTD5z5R8TT
76a9140000000000000000000000000000000000028f0088ac,high,Burn Address,burn_address,1111111111111111116dB1DRktM
76a914000000000000000000001649454320687474703a88ac,high,Burn Address,burn_address,111111111119CCphoemtXugYN3zrXr
76a914000000000000000000000000000000000000646588ac,high,Burn Address,burn_address,1111111111111111111rzei1aas
76a914000000000000000000000000000064657363000088ac,high,Burn Address,burn_address,1111111111111116e9ThMiVeQfumS
76a914000000000000000000007669657700000000001388ac,high,Burn Address,burn_address,11111111111kXsDPBj3ArgLyh9wcGN
76a91400000000000000000000000000000000028f000088ac,high,Burn Address,burn_address,11111111111111111Rpek7BkdRK
76a91400000000000000000000000058595a200000000088ac,high,Burn Address,burn_address,11111111111112fhY5eX3SQ11dYWzA
76a914000000000000000000000000000000007669657788ac,high,Burn Address,burn_address,11111111111111111Lok2dGhWpaF
76a9140a3676417a760d9378b30c5e319af5072032dc3388ac,high,Burn Address,burn_address,1w11111111qqqqqqqqqwwwwwwwwvQgpC2
76a914c18f281a5624acd232b94aab76508859a7c5ae3488ac,high,Burn Address,burn_address,1JeSuisChar1ieXXXXXXXXXXXXXXZCQPGy
76a91480564646535b56459c2afe837c5773157f1e1d1188ac,high,Burn Address,burn_address,1Char1ieHebdooooooooooooooooumv3kJ
76a914381642c97cbdcf66aa4b2d13f7e31468ef9c743788ac,high,https://bitcointalk.org/index.php?topic=782.msg8639#msg8639,lost_keys,167ZWTT8n6s4ya8cGjqNNQjDwDGY31vmHg
76a914748b204575bb7ceb6f05064fdf5d1a54a3b3a3b188ac,medium,https://bitcointalk.org/index.php?topic=7253.msg1609536#msg1609536,lost_keys,1BdE3uE4xLqWHfrjuPWmAywshfBX8v7xA2
76a91431feabcca9914c58dad89ac0f9610915ca49fd2488ac,medium,https://bitcointalk.org/index.php?topic=7253.msg1609536#msg1609536,lost_keys,15ZMCFvj6LBnNPufa97LEo6544XScqETP6
76a914b140bceda61459b18c5008c5e54f7096bfff67ad88ac,high,https://bitcointalk.org/index.php?topic=7253.msg810167#msg810167,lost_keys,1HAEA2h7it1w8U1sLgQYNS9eYLjTCR6Z9E
76a914c1ac9042b50a9d2e7a6a1b42bad66e61a9ec3f6b88ac,high,https://bitcointalk.org/index.php?topic=224159.msg2362945#msg2362945,lost_keys,1Jf48wufcDpPQ2EEgX1jUULuTHVzDhqBSF
76a91437d3cf3cd85592775233c9c2172ec8ef326c4b5c88ac,medium,https://news.ycombinator.com/item?id=14571124,lost_keys,166BuLPWHUjqoqiYp5rGE3B5r5AmqgHpoL
76a914d7548ca476ae9003c7cc60b6eea587a00401767088ac,high,https://old.reddit.com/r/Bitcoin/comments/1mu3kr/i_lost_my_private_key/,lost_keys,1LdZZqbEzDKb74CYrqmiBvDnX7n6b8TYKR
76a91491d6ebf8a17da295a184b19fce14d238e6de315288ac,medium,"https://old.reddit.com/r/Bitcoin/comments/3k0sxc/20_btc_reward_for_bitaddressorg_issue/
https://blockchair.com/bitcoin/outputs?s=time(desc)&q=value(12000000000..14000000000),time(2015-09-07..2015-09-08),is_spent(false)",lost_keys,1EJ8Sqo2EShCB5tDWkj8pufi4yz7HwxqfW
76a9149f7fd096d37ed2c0e3f7f0cfc924beef4ffceb6888ac,provable,"https://gobittest.appspot.com/Address
Public key 00",ecdsa_incompatibility,1FYMZEHnszCHKTBdFZ2DLrUuk3dGwYKQxh